;Validation MSE;Validation MAPE;Test MSE;Test MAPE
Naive;565751620.7152318;3.827970207775636e+18;575737633.9668875;0.481070697098308
LSTM;193881304.59131527;2.6054040262967363e+18;323240476.04438746;0.3958201016316901